<?xml version="1.0"?>
<!DOCTYPE hibernate-mapping PUBLIC "-//Hibernate/Hibernate Mapping DTD 3.0//EN"
"http://www.hibernate.org/dtd/hibernate-mapping-3.0.dtd">
<hibernate-mapping>
    <class name="com.jsfhibernate.pojo.Student" table="student" catalog="jsfhibercrud" optimistic-lock="version">
        <id name="id" type="java.lang.Integer">
            <column name="id" />
            <generator class="assigned" />
        </id>
        <property name="name" type="string">
            <column name="Name" />
        </property>
        <property name="department" type="string">
            <column name="Department" />
        </property>
    </class>
</hibernate-mapping>